<?xml version="1.0" encoding="UTF-8" standalone="yes"?>
<project backupVersion="2.0" openedwith="JS_EDITOR" subsystem="1" system="2" description="Get  sales tax rates for a location" systemTags="1" name="STSRatesDEMO">
    <asset type="120" name="mobileNative" id="2439094" compressed="false"/>
    <asset type="50" name="STSConfig" id="2439208" compressed="false"/>
    <asset type="50" name="MainPage" id="2465387" compressed="false"/>
    <asset type="180" name="Styles" id="2465412" compressed="false"/>
    <asset type="50" name="LoginPage" id="2465514" compressed="false"/>
    <asset type="10" name="STS.JPG" id="2465523" compressed="true"/>
    <asset type="10" name="STS-Blue.JPG" id="2465558" compressed="true"/>
    <asset type="10" name="STSCore.JPG" id="2465560" compressed="true"/>
    <asset type="10" name="WK-Logo.JPG" id="2465562" compressed="true"/>
    <asset type="10" name="corpSTS-Text.JPG" id="2465563" compressed="true"/>
    <asset type="10" name="sidebar_company_1.jpg" id="2503640" compressed="true"/>
    <asset type="60" name="STSServiceCalls" id="2511067" compressed="false"/>
    <asset type="60" name="STSMainPageHelper" id="2513469" compressed="false"/>
    <source platform="WEB_RESOURCES" compressed="false" readOnly="false" hidden="false" sourceType="user" path="/" id="3091441"/>
</project>
